category,text
deportes,boca juniors celebrará sus elecciones de autoridades este domingo.
deportes,camisetas mundialistas de messi se subastan por millonaria cifra.
deportes, qué hacer para la copa américa 2024.
deportes,subastan las camisetas de messi en el mundial de qatar por us 78 millones.
deportes,lionel messi y linda caicedo son finalistas para los premios the best 2023.
deportes,se tatuó los resultados de argentina antes de que saliera campeón.
deportes,tecatito corona sancionado por monterrey.
deportes,champions league manchester city hace ronda perfecta y milan eliminado.
deportes,análisis el barcelona avanza con muchas dudas en su juego.
deportes,el ruso que regaló banderas durante el mundial.
deportes,el banderazo del fluminense en la previa del mundial de clubes.
deportes,juventus le hizo un homenaje a chiellini.
deportes,américa y tigres una final reñida en la liga mx.
deportes,luis enrique destaca la actuación del psg en champions.
deportes, puede el girona ganar la liga española.
deportes,lionel messi vs. cristiano ronaldo una vez más.
deportes,suspenden partido de laliga por muerte de aficionado en las gradas.
deportes, es lionel messi el atleta más importante en la historia del deporte de ee.uu..
deportes, sánchez bas se anima a bailar con su selección el dt de ecuador responde.
deportes, cuál es el grupo más parejo de la copa américa 2024.
deportes,la copa américa 2024 definió sus grupos y argentina defenderá su título.
deportes,sánchez bas el futbolista ecuatoriano está progresando.
deportes,así quedaron los grupos de la copa américa 2024.
deportes,esta goleada se repite en la copa américa. cuál es.
deportes,acusan a rubiales de tocar inapropiadamente a jugadoras de inglaterra.
deportes,sánchez bas habla de la copa américa y un posible juego vs. argentina.
deportes,sorteo copa américa 2024 cómo es cuándo y cómo ver.
deportes, es messi el deportista más destacado del 2023.
deportes,ronaldinho el más aplaudido del partido de leyendas de la conmebol.
deportes,el recorrido de argentina en la copa américa 2024.
deportes,lionel messi atleta del año para la revista time.
deportes,venezuela busca superarse en la copa américa.
deportes,lionel messi es el atleta del año para la revista time.
deportes,conoce los estadios donde se jugará la copa américa 2024.
deportes,elecciones en boca juniors lo que sabemos y cuándo se podría votar.
deportes, qué equipo se perfila como favorito a ganar el torneo apertura mexicano.
deportes,batista saber que venezuela es la única selección que no ha ido al mundial te da ganas de enfrentar el reto.
deportes,los equipos de la eurocopa presentados en contenedores.
deportes,lionel messi no descarta jugar la copa del mundo de 2026.
deportes,teo gutiérrez en medio de un escándalo por comportamiento indebido.
deportes,así quedaron los bombos para el sorteo de la copa américa.
deportes,la millonaria suma que costarían las camisetas mundialistas de messi.
deportes, quién crees que gane los equipos del partido de leyendas de la conmebol.
deportes, siempre ramos el defensa español hace historia en la champions.
deportes,el cara y cruz de los clubes españoles en la champions.
deportes,timothy weah y su apoyo para weston mckennie.
deportes,claudio echeverri la figura de argentina.
deportes,ancelotti confía en la calidad de su plantilla ante las varias lesiones que afectan al real madrid.
deportes,chicharito al checo sería mejor piloto que tú jugador de fútbol.
deportes,lillard se pone a la altura de lebron harden y curry.
deportes,ricky rubio negocia su desvinculación de los cavs.
deportes,mara miller y almansa caminos distintos pero un único destino la nba.
deportes,tiago splitter el baloncesto se ha globalizado ya no hay trucos ni secretos .
deportes,así regresó ja morant de los infiernos solo tienes que llamar al 12 .
deportes,la apuesta de michael jordan a la super bowl que terminó en amenaza a un jugador no la jodas..
deportes,garuba se consagra en la g league y espera a los warriors referente estadístico y semifinalista de copa.
deportes,me pregunto si curry está ya en la conversación por ser el mejor de la historia.
deportes,curry manda a dormir a los celtics y cambia la dinámica de golden state.
deportes,ja morant y un regreso soñado 25 partidos después.
deportes,polémica con las top models a pie de pista en los knicks emily ratajkowski vetada en el madison.
deportes,del todo ok josé luis al tenía ganas de pitarles una falta micros audios y un nuevo show en el deporte.
deportes,el jugador de la nba al que no dejan entrar en canadá por sus antecedentes penales.
deportes,el trance de james harden 21 puntos en sólo cuatro minutos.
deportes,regreso inminente de ja morant y falta que les hace a los grizzlies.
deportes,los knicks chafan el izado de la bandera de la copa de los lakers.
deportes,los pistons se acercan al récord de la infamia 24 derrotas seguidas.
deportes,con los clippers todo hace indicar que no pero y si sí.
deportes,doncic barre a jokic en el duelo de aspirantes a mvp pero los nuggets aplastan a los mavs.
deportes,anthony edwards se retracta de unos mensajes en los que incitaba a una mujer a abortar.
deportes,podrá alguien batir el récord de 268 partidos seguidos con al menos un triple de curry.
deportes,muere el ex jugador de la nba eric montross.
deportes,draymond green recibirá ayuda y seguirá suspendido tres semanas más.
deportes,giannis entra en los libros de historia de los bucks y de la nba.
deportes,la nba rendida a luka doncic jugué con muchos grandes pero nadie lo hace tan fácil .
deportes,los warriors sobreviven al peor partido de la vida de stephen curry.
deportes,wembanyama y los spurs vuelven a las andadas paliza ante los pelicans.
deportes,un ex jugador de la g league acusado de asesinato en las vegas.
deportes,los celtics ganan a los magic y siguen asustando en el este.
deportes,el unicornio de la nba es un pulpo acaricia un triple doble con 9 tapones .
deportes,así se anotan 12 triples en la nba entré en trance y todo me entraba .
deportes,un doncic monstruoso pulveriza un récord del legendario wilt chamberlain.
deportes,kareem abdul jabbar hospitalizado por una fuerte caída.
deportes,no hay dolor para darius garland jugar con una fractura de mandíbula.
deportes,aldama y los grizzlies sufren la venganza del bad boy dillon brooks.
deportes,la nba no puede permitirse un equipo como los pistons 22 derrotas seguidas.
deportes,brunson explota en una actuación histórica 50 puntos con nueve triples.
deportes, wembanyama vuelve a ganar rompe su racha de 18 derrotas a costa de los lakers.
deportes,ja morant a punto de volver tras su sanción de 25 partidos ha habido días horribles .
deportes,un cinturón negro y experto en kickboxing con el que nadie quiere pelear en la nba.
deportes,doncic tranquiliza a los mavericks sobre su futuro estoy feliz aquí .
deportes,los celtics cogen ritmo y se marchan en el este.
deportes,steve kerr la suspensión indefinida a draymond green tiene sentido se trata de su vida .
deportes,las mayores sanciones en la historia de la nba peleas armas agresión al entrenador.
deportes,los 64 de giannis entre las mejores anotaciones de la década.
deportes,debut agridulce del nuevo big 3 de los suns.
deportes,wembanyama fuera de toda lógica nueva exhibición sin premio.
deportes,los lakers no sabían como frenarle. incluso davis uno de los mejores defensores de la última década tenía problemas en adivinar los movimientos del francés. por el lado angelino con la ausencia de lebron.
deportes,que stephen curry haya sido uno de los jugadores más influyentes de la historia del baloncesto no hay ninguna duda. pero quizá sea hora de mirar hacia arriba hacia las leyendas de este deporte y comenzar otra conversación..
deportes,wardell stephen curry ii es un jugador de baloncesto estadounidense que pertenece a la plantilla de los golden state warriors de la nba.
deportes,stephen curry sigue sonriendo como un jugón. transcurridas 48 horas del partido en el que no anotó un solo triple la estrella de warriors se rehizo como cabía esperar y resultó crucial en el triunfo de su equipo ante boston celtics un triunfo que llegó en la prórroga..
negocios,ee.uu. lanza nueva operación multinacional para proteger el comercio en el mar rojo.
negocios,las prioridades de la cooperación entre países en el nuevo orden económico mundial.
negocios,emiratos árabes unidos anunció inversiones sociales por us 40 millones en la guajira .
negocios,el consejo privado de competitividad dice que colombia no aprovecha sus tratados .
negocios,importaciones la relación que tienen el dólar el gasoducto de vaca muerta y el fmi.
negocios,el cese de exportaciones de seguridad de israel golpearía inteligencia militar del país.
negocios,el año que viene la argentina gastará menos dólares por las importaciones de energía con la entrada de nuevos proyectos .
negocios,las exportaciones hacia palestina representan menos de 1% con bombones y confites.
negocios,de acuerdo con datos del ministerio de comercio las ventas hacia este estado de oriente medio sumaron us 393.500 en 2022. hasta el octavo mes de 2023 se han vendido us 306.855 .
negocios,las exportaciones registradas en agosto bajaron 10 1% contra el mismo mes de 2022 .
negocios,el grupo de combustibles y productos de las industrias extractivas impulsó la caída pues registró una disminución de 11 5% .
negocios,conozca qué es el dropshipping y cómo afectó la baja del dólar a este tipo de negocio .
negocios,dentro de los impactos positivos que tendría un dólar bajo se podría destacar la competitividad de precios y aumento en utilidades .
negocios,con déficit en balanza comercial con ee.uu. gremios advierten sobre renegociar tlc .
negocios,la naviera maersk prevé una contracción prolongada y profunda del comercio mundial .
negocios,argentina lanza disputa en contra de ee.uu. ante la organización mundial del comercio .
negocios,maría claudia lacouture presidente de amcham colombia habló sobre el estado de las relaciones comerciales con estados unidos .
negocios,más de 100 productos de reino unido pueden llegar a ee.uu. a través de colombia .
negocios,la cámara de comercio colombo británica y araújo ibarra lanzaron un estudio sobre las posibilidades del reino unido en colombia .
negocios,el pisco peruano logró un crecimiento superior a 1.000% en sus exportaciones .
negocios,la bebida llegó a 41 países cuyo ranking fue liderado por ee.uu. con us 1 7 millones con un alza de 21 4% este año subiría 35% .
negocios,las exportaciones sumaron us 4.778 millones en septiembre 26% más que en 2021.
negocios,a la cifra la jalonó un incremento de 40% en las ventas del grupo de combustibles que en el mes representó 55% del resultado .
negocios,las exportaciones aumentaron 32 2% en agosto y llegaron hasta us 4.582 millones.
negocios,los combustibles y productos de industrias extractivas volvieron a jalonar la canasta en el mes con us 2.473 millones 54% del total .
negocios,se empezarán a revisar las deudas entre comerciantes de ambos lados de la frontera.
negocios,en 2008 durante la época dorada en el comercio binacional la capital de norte de santander llegó a exportar cerca de 58% del neto de ese año .
negocios,globalización es antes que nada la relación entre vecinos por mayor flujo de comercio .
negocios,exportaciones mineroenergéticas a ee.uu. suman us 4.505 millones a corte de julio .
negocios,la ventas durante 2022 ya superaron las cifras prepandemia us 4.169 millones y presentaron un incremento de 83% versus 2021.
negocios,en julio las exportaciones se incrementaron 71 7% y llegaron hasta us 5.913 millones.
negocios,los combustibles y productos de industrias extractivas volvieron a jalonar la canasta con us 3.733 millones más de 63% del total.
negocios,así habrían sido las exportaciones del país en la última década sin el petróleo.
negocios,de 2011 a 2021 más de 67 4% de las ventas externas del país fueron mineroenergéticas y generaron ingresos por us 357.544 millones .
negocios,exportaciones de colombia a ee.uu. aumentaron 40 6% en el primer semestre del año.
negocios,en el ejercicio los no minero energéticos llegaron a us 3.842 millones mientras que los minero energéticos a us 3.471 millones .
negocios,el ministro de comercio germán umaña recalcó que además de una integración comercial se trabajará por el desarrollo social .
negocios,el ministro de comercio germán umaña dijo que se trabajará por una complementación industrial productiva y social entre países .
negocios, cuáles son los efectos de la reforma tributaria sobre el modelo de las zonas francas?.
negocios,aunque minhacienda dijo que hay temas que no son definitivos hoy la propuesta tiene unos cambios para estas zonas especiales .
negocios,en abril las exportaciones llegaron a us 5.421 millones creciendo 82 2% frente a 2021.
negocios,entre enero y abril de 2022 las exportaciones llegaron us 18.385 millones fob jalonadas por la industria extractiva .
negocios,los países de américa latina más cerrados al comercio internacional según la cepal .
negocios,la cepal midió los territorios más abiertos de la región luego de comparar la magnitud del comercio exterior de cada país con su pib .
negocios,ministerio de comercio exterior de perú pide eliminar el distanciamiento en aeropuertos .
negocios,rueda de negocios de la filbo dejó expectativas de ventas por casi us 2 3 millones .
negocios,durante los 14 días del evento se realizaron más de 979 citas de negocios. en total asistieron 76 compradores y 104 exportadores.
negocios,la agenda abrió la conversación a temáticas de interés como negocios transformación digital turismo formación y sostenibilidad .
negocios,los teléfonos móviles lideran las cifras de importaciones desde china según el dane.
negocios,la contribución más importante se presentó en las compras en china y estados unidos que aportaron en su conjunto 25 1 pp a la variación total del mes.
negocios,comercios de frontera piden medidas para reforzar ventas ante apertura de argentina .
negocios,la habilitación oficial del paso fronterizo entre nanawa y clorinda trajo varias dudas y expectativas a los comerciantes paraguayos.
negocios,la omc recortó a 3% la perspectiva del comercio mundial por la conflicto en ucrania .
negocios,el organismo de comercio con sede en ginebra también dijo el martes que espera un crecimiento del comercio del 3 4% en 2023 .
negocios,los países con las mayores exportaciones e importaciones de armas en todo el mundo .
negocios,ee.uu. rusia y francia son los que más ventas de armas registran en el globo. los grandes importadores son india y arabia saudita.
negocios,déficit comercial de estados unidos tocó récord durante 2021 por las importaciones .
negocios,los mayores ahorros impulsados por el estímulo del gobierno hicieron que los estadounidenses invirtieran más en sus viviendas .
negocios,méxico asumirá la presidencia de la alianza del pacífico para destrabar negociaciones .
negocios,para mejorar la productividad recursos de programas deben multiplicarse y escalarse.
negocios,expertos concluyen que hay que reindustrializar el país aumentando por 10 los recursos para programas y herramientas que impulsen el desarrollo y la productividad.
negocios,los retos que debe enfrentar colombia para internacionalizar aun más su economía .
negocios,expertos coinciden en que se debe avanzar en la diversificación de la canasta exportadora y aprovechar aun más la tecnología .
negocios,colombia necesita del mercado extranjero para lograr crecimiento estable de 6% .
negocios,el viceministro de comercio exterior andrés cárdenas aseguró que el crecimiento en colombia ha sido importante desde 1991 .
negocios,definida la hoja de ruta para impulsar el comercio internacional y la reactivación .
negocios,el informe de la misión propone cuatro canales para mejorar la actividad comercial teniendo a la tecnología como eje central.
negocios,colombia espera llegar a us 25.500 millones de exportaciones no mineras en 2022.
negocios,esa es la meta a cumplir con el informe de la misión de internacionalización que busca mejorar el comercio internacional .
negocios,misión de internacionalización propone más tecnología y revisar barreras arancelarias.
negocios,ministro de economía todos tenemos que pagar parte de la cuenta para sacar adelante este país .
negocios,recorte de 1.000 millones de gastos del estado irá por empresas públicas ministro de economía explica las cifras y medidas.
negocios,desde cuándo existe el décimo tercer sueldo que perciben los empleados ecuatorianos .
negocios,estos son los préstamos que ofrece el gobierno de estados unidos cómo saber para cuáles califica .
negocios,estas son las entidades no autorizadas para actividades financieras en ecuador.
negocios,la caja fiscal que recibe daniel noboa está en 179 7 millones que no son suficientes para pago de sueldos y otros pendientes.
negocios,ventas minoristas de ee.uu. suben en diciembre y las cifras de noviembre se revisan al alza .
negocios,fondo monetario internacional advierte que bajas tasas globales estimulan riesgo.
negocios,las bajas tasas en las economías internacionales para dinamizar la economía estimulan el riesgo para el rendimiento .
negocios,bancolombia busca beneficiar a 50% de las pyme que venden al exterior .
negocios,acuerdo comercial entre china y ee.uu. no necesita firmarse este mes secretario de comercio.
negocios,la organización había reducido previamente su pronóstico de crecimiento comercial a 2 6% para este año y a 3% para 2020 .
negocios,ford cierra su reestructuración en europa recortará 12.000 empleos hasta 2020.
negocios,los recortes afectan a alemania 5.000 a gran bretaña 3.000 rusia 2.000 y a francia 1.000 . el resto de países en los que opera la compañía alemana deberán asumir otros 1.000 empleos. .
negocios,el aumento de las medidas comerciales restrictivas entre octubre y mayo alcanza unos us 335.900 millones. .
negocios,omc advierte del aumento de las barreras comerciales antes de la cumbre del g20 .
negocios,acelerap busca emprendedores que quieran expandirse en la alianza del pacífico.
negocios,ikea estudia lanzar una plataforma digital de ventas con productos de marcas rivales .
negocios,estudio advierte que inició etapa de desaceleración económica mundial .
negocios,estado unidos dice que el 1 de marzo es fecha límite para acuerdo comercial con china .
negocios,en la actual vigencia el crecimiento acumulado es de 8% respecto al mismo periodo del año pasado..
negocios,la entidad empezó financiando proyectos de comercio internacional.
negocios,uruguay estableció el aumento de su salario mínimo y estaría por debajo de inflación.
negocios,por qué el dólarse mueve casi 900 más barato que en diciembre del año pasado.
negocios,el dólar cerró la jornada con alza de 22 77 pese a reunión del banco de la república .
negocios,scotiabank colpatria otorgó un crédito a parque arauco por total de us 52 millones .
negocios,accionistas de grupo nutresa elegirán nueva junta directiva antes de terminar 2023 .
negocios,dólar a 4.000 ipc y tasas más bajas las estimaciones del mercado para fin de año .
negocios,el dólar terminó este martes levemente a la baja con un precio promedio de 3.925 91 .
negocios,grupo calleja comenzó su opa por el éxito pero las acciones reaccionaron a la baja .
politica,contraloría revisará declaraciones patrimoniales de exfuncionarios de guillermo lasso.
politica,wilman terán renuncia y la asamblea inicia el trámite para juicio político.
politica,jorge glas pedirá asilo diplomático a méxico este miércoles dice su abogado.
politica,noboa vence a la correísta gonzález en las presidenciales de ecuador.
politica,el adelanto electoral salva de una moción de censura al presidente guillermo lasso y moviliza a la oposición de izquierdas.
politica,un hecho inédito que sume a ecuador en la inestabilidad y que puede beneficiar a rafael correa.
politica, qué sucede con la politica en el ecuador? la política de ecuador está definida por la actual constitución vigente del país..
politica,la situación política actual muestra un patrón de votación que no necesariamente refleja un giro ideológico a la derecha sino un voto de castigo.
politica,si antes de metástasis ya había evidencias que hablaban de las relaciones del correísmo con las mafias ahora esas relaciones quedaron evidenciadas.
politica,la señora fiscal viene investigando al presidente de la judicatura wt por delitos como delincuencia organizada.
politica,eso estipula ordenanza que aprobó el concejo. en la sesión hubo ediles que criticaron supuesta politiquería otros instaron a salir a las calles .
politica,la segunda iniciativa legal del gobierno fue entregada a la asamblea a pocas horas de que se publicó en el registro oficial la ley de eficiencia económica..
politica,la ministra de producción y comercio exterior sonsoles garcía compareció ante la comisión de relaciones internacionales que analiza el convenio comercial.
politica,wilman terán renunció a su vocalía. la judicatura debe informar en un plazo de tres días la ausencia definitiva de terán y el cpccs pedir la terna a la cnj..
politica,el grupo expresó su rechazo a la primera ley del gobierno de daniel noboa que fue aprobada el martes por la asamblea nacional con 107 votos..
politica,la posición política del psc y adn es dar paso a la autorización de juicio político a glas mientras que en rc considera que se debe devolver el expediente.
politica,el martes último de forma unánime un tribunal de la corte nacional negó el habeas corpus solicitado por wilman terán presidente de la judicatura..
politica,mónica palencia negó que el gobierno tenga algún acuerdo por impunidad con alguna bancada legislativa..
politica,la funcionaria se reunió con el mandatario de ese país isaac herzog en jerusalén el 19 de diciembre pasado..
politica,para la fiscalía en el caso metástasis operó una empresa criminal que buscó beneficiar con fallos judiciales al narcotraficante leandro norero y su familia..
politica,según el jurista el exmandatario teme por su vida y afirma que la fiscal lo persigue en venganza por el juicio político que se le planteó en la asamblea..
politica,glas ingresó el domingo a la embajada de méxico en quito donde está en calidad de huésped ..
politica,el juicio político presentado por la revolución ciudadana en contra de diana salazar está en manos de la comisión de fiscalización presidida por pamela aguirre..
politica,además fueron removidos de sus cargos 15 directores provinciales de la judicatura y varios funcionarios de alto rango..
politica,guarda similitudes con el decreto que expidió el 24 de mayo del 2021 el exmandatario guillermo lasso..
politica,el organismo concluyó que hubo abuso del derecho de dos abogados de jorge glas y que se desnaturalizaron estos recursos. ordenó correctivos al snai..
politica,tribunal de la corte nacional de justicia determinó que no se violaron los derechos del presidente del consejo de la judicatura.
politica,el presidente de la corte iván saquicela enfatizó que no hará pronunciamientos sobre el proceso en el que se investiga a wilman terán vocal de la judicatura..
politica,en esta causa llevada adelante por la fiscal diana salazar un total de 31 personas son procesados por presunta delincuencia organizada..
politica,el mandatario agradeció a las bancadas de los movimientos políticos que dieron su respaldo..
politica,la propuesta pasará a conocimiento del ejecutivo para su sanción o veto en un plazo de 30 días..
politica,el presidente de la judicatura wilman terán es uno de los 31 procesados por el delito de delincuencia organizada parte del caso metástasis..
politica,el acto de colocación de la primera piedra lo encabezaron el presidente y el vicepresidente del legislativo henry kronfle y eckenner recalde.
politica,el acto de colocación de la primera piedra lo encabezaron el presidente y el vicepresidente del legislativo henry kronfle y eckenner recalde.
politica,los procesos fueron planteados en la anterior asamblea nacional y quedaron en suspenso tras la muerte cruzada..
politica,la fiscal general diana salazar dispuso que el expediente del caso sea público y se suba al sitio institucional..
politica,la resolución planteada por el movimiento construye obtuvo 74 votos a favor 46 votos en contra y seis abstenciones.
politica,la jueza constitucional patricia segarra aceptó una acción de protección planteada por el colegio de abogados de pichincha por posible falta de transparencia.
politica,daniel noboa promete a las fuerzas armadas que no pactará con ningún delincuente .
politica,los legisladores están convocados para este martes 19 de diciembre a las 08 30 para conocer y resolver sobre el informe para segundo y definitivo debate.
politica,el exvicepresidente jorge glas mantiene una pena única de ocho años de cárcel por los dos casos de corrupción en los que se le sentenció..
politica,las convenciones internacionales señalan que el asilo es solo para perseguidos políticos pero esa condición la determina el país asilante..
politica,jorge glas podría recibir asilo político en la embajada de méxico a pesar de que su captura está siendo solicitada por la fiscalía..
politica,el presidente de la asamblea henry kronfle convocó al pleno para este 18 de diciembre para conocer la resolución de la mesa de fiscalización sobre este juicio.
politica,esteban torres aportaré en la gobernabilidad en dar un sentido a la lógica del presidente de una gestión de consenso sin extremos y sin antis.
politica,el exlegislador del psc se sumó al gabinete y apoyará en el frente político. dice ser conciliador sin líneas rojas y con un estilo parecido al de daniel noboa..
politica,jorge glas se suma a la lista de correístas prófugos o no que han pedido protección al gobierno mexicano.
politica,méxico permitió ingreso de jorge glas a embajada en quito como huésped aún no se formaliza pedido de asilo político.
politica,cancillería de ecuador espera que ese país invite al exvicepresidente a cooperar con las autoridades policiales..
politica,cancillería ecuatoriana confirma que jorge glas permanece en la embajada de méxico y pide colaboración.
politica,el ministerio de relaciones exteriores pidió información sobre las razones por las que jorge glas permanece en la sede de diplomática mexicana..
politica,dirección general del consejo de la judicatura suspende logística del concurso para selección de jueces de la corte.
politica,fiscalía pide localizar y detener a jorge glas para investigaciones por presunto delito de peculado.
politica,lucio gutiérrez planteará al pleno de la asamblea nacional el archivo del juicio político a la fiscal diana salazar.
politica,asamblea nacional debatirá el martes proyecto de ley urgente de eficiencia económica y generación de empleo.
politica,asamblea nacional cumple un mes en funciones con cinco leyes aprobadas y el acuerdo de gobernabilidad vigente.
politica,fiscalía general del estado llama a la ciudadanía a estar alerta a cualquier intento de evitar la decisión del juez en el caso metástasis.
politica,asamblea nacional es convocada para ratificar la prelación de juicios políticos contra esteban bernal y miembros del consejo de la judicatura.
politica,presidente daniel noboa espera una ágil aprobación de la ley económica en la asamblea nacional.
politica,daniel noboa no olvidar la semana en que se atacó a la delincuencia al crimen organizado y a la corrupción enquistada en la función judicial.
politica,consulta popular de daniel noboa sería entre la última semana de febrero y la primera de marzo.
politica,ley urgente incluirá beneficios fiscales a quienes donen equipamiento y suministros a la policía nacional en materia de seguridad.
politica,consejo de participación ciudadana cuenta con el reglamento para elegir a vocales faltantes del consejo de la judicatura.
politica,ley de salud mental logra aprobación unánime de la asamblea nacional.
politica,trámite legislativo sobre ley urgente entra a definición de textos en la comisión de desarrollo económico.
politica,la crisis política está siendo capitalizada por el sector extractivo.
politica,el presidente guillermo lasso decreta la disolución de la asamblea nacional de ecuador y solicita la convocatoria de elecciones.
politica,la política como disciplina social busca establecer normas y estructuras que regulen la convivencia de individuos en una sociedad fomentando la cohesión y el bienestar común..
politica,en el contexto democrático la participación ciudadana se erige como pilar fundamental permitiendo a los ciudadanos expresar sus preferencias y contribuir activamente al proceso de toma de decisiones políticas..
politica,la división de poderes concebida por montesquieu constituye un principio esencial en la construcción de sistemas políticos que buscan evitar la concentración excesiva de autoridad y salvaguardar los derechos individuales..
politica,los partidos políticos al ser vehículos de expresión ideológica y portadores de propuestas políticas desempeñan un papel vital en la articulación y canalización de las demandas y preferencias de la sociedad..
politica,los sistemas electorales desempeñan un papel crucial en la configuración de los gobiernos definiendo la representación política y la distribución de poder en función de la voluntad popular expresada en las urnas..
politica,la globalización ha transformado la naturaleza de la política generando desafíos y oportunidades que requieren respuestas coordinadas a nivel internacional para abordar problemas como el cambio climático la pobreza y los conflictos transnacionales..
politica,las políticas públicas al ser el conjunto de acciones y decisiones gubernamentales buscan abordar problemas sociales económicos y ambientales orientando el desarrollo de la sociedad hacia metas de bienestar y equidad..
politica,la diplomacia como instrumento de la política exterior busca mantener relaciones pacíficas entre naciones y resolver disputas mediante el diálogo y la negociación evitando el recurso a la violencia como método de resolución de conflictos..
politica,la corrupción entendida como el abuso de poder para beneficio personal representa una amenaza constante para la estabilidad política y económica debilitando las instituciones y erosionando la confianza ciudadana en el sistema..
politica,la gobernabilidad efectiva implica la capacidad del estado para implementar políticas de manera eficiente garantizando la estabilidad y el funcionamiento adecuado de las instituciones lo cual es esencial para el desarrollo sostenible..
politica,los derechos humanos como marco ético universal deben ser salvaguardados por los estados garantizando la dignidad y la igualdad de todos los individuos independientemente de su origen étnico religión o género..
politica,la justicia social como principio rector de la política busca reducir las disparidades económicas y garantizar el acceso equitativo a oportunidades promoviendo así una sociedad más inclusiva y cohesionada..
politica,la globalización económica plantea desafíos en términos de regulación y supervisión requiriendo una cooperación internacional efectiva para abordar cuestiones como el comercio justo y la evasión fiscal..
politica,el populismo como fenómeno político puede surgir como respuesta a la insatisfacción ciudadana pero también plantea riesgos al simplificar problemas complejos y erosionar las instituciones democráticas..
politica,la descentralización administrativa puede fortalecer la participación ciudadana y la eficiencia gubernamental al empoderar a las comunidades locales en la toma de decisiones que afectan directamente a sus habitantes..
politica,la educación cívica al promover el entendimiento de los procesos políticos y fomentar la participación informada contribuye al fortalecimiento de la democracia y la construcción de una ciudadanía activa..
politica,la gestión de crisis ya sea en situaciones de desastres naturales o conflictos pone a prueba la capacidad de los gobiernos para coordinar respuestas efectivas y salvaguardar la seguridad y el bienestar de la población..
politica,la geopolítica al analizar las relaciones entre estados y la distribución de poder a nivel mundial influye en la formulación de estrategias políticas y en la toma de decisiones que afectan la seguridad y la estabilidad internacional..
politica,la soberanía nacional en un mundo interconectado se enfrenta a desafíos que van más allá de las fronteras requiriendo un equilibrio entre la autonomía estatal y la cooperación internacional para abordar problemas transnacionales..
politica,el federalismo al distribuir el poder entre niveles de gobierno busca equilibrar la autonomía local con la coordinación nacional permitiendo adaptar políticas a las necesidades específicas de diferentes regiones..
politica,la construcción de políticas de inclusión social debe abordar no solo la igualdad de oportunidades sino también la eliminación de barreras y prejuicios que perpetúan la discriminación en ámbitos como la educación y el empleo..
politica,la libertad de prensa como pilar de la democracia debe ser protegida para garantizar el acceso a información veraz y plural empoderando a la ciudadanía y promoviendo la rendición de cuentas de los poderes públicos..
politica,la ciberseguridad en la era digital se ha convertido en un aspecto crucial de la política nacional e internacional con la protección de datos y la prevención de ciberataques siendo prioridades estratégicas..
politica,la economía política al analizar las interacciones entre el sistema económico y las instituciones políticas revela cómo las decisiones gubernamentales afectan la distribución de recursos y la equidad social..
politica,la política de migración al abordar cuestiones como la movilidad humana y la integración de migrantes requiere enfoques comprensivos que respeten los derechos humanos y promuevan la diversidad cultural..
politica,la política monetaria al ser una herramienta para gestionar la oferta de dinero y la estabilidad económica influye directamente en el crecimiento y la inflación impactando la calidad de vida de los ciudadanos..
politica,la justicia transicional como estrategia para abordar violaciones a los derechos humanos en el pasado busca equilibrar la reconciliación con la rendición de cuentas promoviendo la construcción de sociedades justas y pacíficas..
politica,la política medioambiental ante la urgencia de la crisis climática demanda acciones decididas para mitigar el cambio climático preservar la biodiversidad y promover un desarrollo sostenible que no comprometa el futuro del planeta..
politica,la cooperación internacional en el ámbito humanitario es esencial para abordar crisis globales como pandemias hambrunas y desplazamientos forzados.
politica,la política de salud pública en particular durante crisis sanitarias como la pandemia de covid 19 destaca la importancia de la planificación coordinación y toma de decisiones gubernamentales para proteger la salud de la población..
politica,el populismo autoritario caracterizado por líderes que buscan concentrar poder y socavar las instituciones democráticas plantea desafíos para la preservación de los valores democráticos y el respeto a los derechos individuales..
politica,la guerra comercial como fenómeno político y económico puede tener repercusiones significativas en las relaciones internacionales afectando el comercio la inversión y la estabilidad global.
politica,la política de desarrollo al abordar cuestiones como la reducción de la pobreza y la promoción del crecimiento económico sostenible busca mejorar las condiciones de vida de las poblaciones en países en desarrollo..
tecnologia,la revolución tecnológica ha transformado radicalmente la forma en que interactuamos con el mundo permeando cada aspecto de nuestra vida cotidiana..
tecnologia,la inteligencia artificial al combinar algoritmos avanzados y poder de cómputo ha logrado avances significativos en campos tan diversos como la medicina la educación y la industria..
tecnologia,la internet de las cosas iot al conectar dispositivos cotidianos a la red ha creado un entorno interconectado que promete eficiencia y comodidad pero también plantea desafíos en términos de privacidad y seguridad..
tecnologia,la ciberseguridad se erige como una preocupación primordial en la era digital donde la protección de datos y la prevención de amenazas informáticas son esenciales para garantizar la integridad de sistemas y redes..
tecnologia,la realidad virtual y la realidad aumentada están redefiniendo la experiencia humana al proporcionar entornos inmersivos que van más allá de las limitaciones físicas del mundo real..
tecnologia,la automatización impulsada por la robótica y la inteligencia artificial está transformando la naturaleza del trabajo planteando preguntas cruciales sobre la reinvención de las estructuras laborales y la capacitación profesional..
tecnologia,los avances en la computación cuántica al explorar la manipulación de qubits abren la puerta a una nueva era de procesamiento de información con el potencial de revolucionar la resolución de problemas complejos..
tecnologia,la realidad aumentada al superponer información digital en el mundo físico ofrece aplicaciones que van más allá del entretenimiento incluyendo la formación profesional y la asistencia en la toma de decisiones..
tecnologia,la biotecnología al combinar conocimientos de genética y tecnología ha permitido avances notables en la medicina desde terapias génicas hasta la creación de vacunas innovadoras..
tecnologia,la movilidad inteligente con el auge de los vehículos autónomos y la optimización de sistemas de transporte plantea la posibilidad de ciudades más eficientes y sostenibles..
tecnologia,la computación en la nube al permitir el acceso remoto a recursos informáticos ha transformado la manera en que almacenamos procesamos y compartimos datos a escala global..
tecnologia,la ética en la inteligencia artificial se ha convertido en un tema candente ya que el desarrollo de algoritmos y sistemas autónomos plantea preguntas fundamentales sobre la responsabilidad y el impacto social..
tecnologia,las tecnologías de energía renovable desde la solar hasta la eólica están desempeñando un papel crucial en la transición hacia un futuro más sostenible y libre de emisiones de carbono..
tecnologia,la realidad mixta combinando elementos de realidad virtual y realidad aumentada abre posibilidades creativas y prácticas que van más allá de las capacidades de cada tecnología por separado..
tecnologia,la medicina personalizada gracias a la información genómica y las tecnologías de diagnóstico avanzado permite tratamientos más específicos y efectivos adaptados a las características individuales de cada paciente..
tecnologia,la tecnología blockchain conocida por su aplicación en criptomonedas como el bitcoin también tiene el potencial de revolucionar la transparencia y la seguridad en sectores como la cadena de suministro y la gestión de datos..
tecnologia,la 5g la quinta generación de redes móviles está impulsando la conectividad ultrarrápida y la comunicación instantánea sentando las bases para la proliferación de tecnologías emergentes como el internet de las cosas..
tecnologia,la realidad híbrida al integrar elementos virtuales y físicos de manera fluida redefine la interacción humana con el entorno desde la educación hasta el entretenimiento..
tecnologia,la impresión 3d al permitir la fabricación de objetos tridimensionales a partir de modelos digitales está cambiando la forma en que concebimos la producción y distribución de bienes..
tecnologia,la neurotecnología explorando la interfaz entre la tecnología y el cerebro humano plantea posibilidades fascinantes pero también suscita preguntas éticas sobre la privacidad y la manipulación cognitiva..
tecnologia,la realidad sensorial extendida que busca expandir nuestras experiencias sensoriales más allá de los límites naturales abre la puerta a nuevas formas de comunicación y expresión artística..
tecnologia,la nanotecnología manipulando materiales a escala molecular tiene aplicaciones potenciales desde la medicina hasta la fabricación de dispositivos electrónicos más pequeños y eficientes..
tecnologia,la tecnología de reconocimiento facial aunque ofrece avances en seguridad y conveniencia plantea inquietudes sobre la privacidad y el uso ético de datos biométricos..
tecnologia,la realidad conectada integrando diversos dispositivos y servicios en una experiencia cohesiva redefine la forma en que vivimos trabajamos y nos relacionamos en un mundo cada vez más interconectado..
tecnologia,la computación afectiva al analizar las expresiones faciales y vocales busca dotar a las máquinas de la capacidad de comprender y responder a las emociones humanas mejorando la interacción hombre máquina..
tecnologia,la bioimpresión utilizando células vivas para fabricar tejidos y órganos representa un avance prometedor en el campo de la medicina regenerativa y la personalización de tratamientos médicos..
tecnologia,la realidad social extendida combinando elementos físicos y virtuales en espacios compartidos redefine la noción de comunidad y colaboración en un entorno digital..
tecnologia,la tecnología de reconocimiento de voz impulsada por la inteligencia artificial ha mejorado significativamente la interacción entre humanos y dispositivos facilitando la automatización y la accesibilidad..
tecnologia,la teledetección mediante el uso de satélites y sensores remotos facilita la monitorización y gestión de recursos naturales contribuyendo a la comprensión y mitigación de fenómenos ambientales..
tecnologia,la computación sin servidor al permitir la ejecución de código sin la necesidad de gestionar servidores simplifica la infraestructura de desarrollo y promueve la escalabilidad en entornos tecnológicos..
tecnologia,la computación perimetral descentralizando el procesamiento de datos hacia los límites de la red optimiza la velocidad y eficiencia en la transmisión de información en entornos de alta conectividad..
tecnologia,la ingeniería genética al modificar el código genético de organismos tiene aplicaciones potenciales que van desde la creación de cultivos resistentes hasta la terapia génica para enfermedades genéticas..
tecnologia,la tecnología 6g aún en etapas de investigación anticipa una nueva generación de redes móviles que promete velocidades ultra rápidas y capacidades de comunicación avanzadas..
tecnologia,la computación cognitiva inspirada en el funcionamiento del cerebro humano busca desarrollar sistemas capaces de aprender razonar y procesar información de manera similar a la mente humana..
tecnologia,la tecnología de captura de carbono crucial en la lucha contra el cambio climático busca reducir las emisiones de gases de efecto invernadero capturándolos directamente de fuentes industriales..
tecnologia,la informática cuántica al aprovechar las propiedades cuánticas de las partículas busca superar las limitaciones de la computación clásica en la resolución de problemas complejos..
tecnologia,la computación distribuida al descentralizar el procesamiento de datos en una red mejora la redundancia y la resistencia frente a fallos fundamental en entornos críticos como la gestión de emergencias..
tecnologia,la tecnología haptica al simular el sentido del tacto en dispositivos electrónicos amplía las posibilidades de interacción y realismo en entornos virtuales y aumentados..
tecnologia,la tecnología de almacenamiento holográfico al registrar información tridimensional en estructuras holográficas podría revolucionar la capacidad y velocidad de almacenamiento de datos..
tecnologia,la computación neuromórfica inspirada en la estructura y función del cerebro busca desarrollar sistemas de procesamiento que imiten la eficiencia y plasticidad del tejido cerebral..
tecnologia,la tecnología de realidad táctil al permitir la simulación de texturas y resistencias en interfaces digitales avanza hacia una experiencia más inmersiva y realista en aplicaciones de entretenimiento y diseño..
tecnologia,la tecnología de reconocimiento de emociones aplicada a través de análisis facial y vocal contribuye al desarrollo de interfaces más intuitivas y personalizadas en interacciones hombre máquina..
tecnologia,la tecnología de realidad olfativa al simular olores digitales promete agregar un sentido adicional a experiencias virtuales desde el entretenimiento hasta la formación profesional..
tecnologia,la impresión de órganos en 3d utilizando células vivas representa una esperanza para superar la escasez de órganos para trasplantes y reducir la dependencia de donantes..
tecnologia,la computación de borde al procesar datos cerca de su origen minimiza la latencia y optimiza el rendimiento siendo fundamental en aplicaciones que requieren respuestas rápidas y en tiempo real..
tecnologia,la nanomedicina aplicando nanotecnología en la medicina ofrece enfoques novedosos para la detección temprana y el tratamiento específico de enfermedades a nivel molecular..
tecnologia,la tecnología de baterías de estado sólido al reemplazar los electrolitos líquidos por materiales sólidos busca mejorar la eficiencia y seguridad en el almacenamiento de energía..
tecnologia,la tecnología de telepresencia al permitir la participación remota a través de avatares digitales facilita la colaboración global y la interacción en entornos virtuales compartidos..
tecnologia,la nanorrobótica utilizando nanomáquinas para realizar tareas específicas a nivel molecular tiene aplicaciones potenciales en medicina desde la administración precisa de medicamentos hasta la eliminación de células cancerosas..
tecnologia,la computación autónoma con sistemas capaces de tomar decisiones sin intervención humana plantea cuestionamientos éticos sobre la responsabilidad y la transparencia en la toma de decisiones algorítmicas..
tecnologia,la computación federada al descentralizar el procesamiento de datos entre diferentes dispositivos promueve la privacidad al evitar la centralización de información sensible..
tecnologia,la computación evolutiva inspirada en procesos biológicos utiliza algoritmos genéticos y estrategias evolutivas para encontrar soluciones a problemas complejos y optimizar sistemas..
tecnologia,la tecnología de traducción automática potenciada por la inteligencia artificial ha avanzado significativamente en la eliminación de barreras lingüísticas facilitando la comunicación global..
tecnologia,la tecnología de fusión nuclear aspirando a replicar el proceso que alimenta al sol ofrece la promesa de una fuente de energía limpia y abundante para el futuro..
tecnologia,la tecnología de realidad gustativa al simular el sentido del gusto en entornos digitales amplía las posibilidades de experiencias multisensoriales en aplicaciones de entretenimiento y gastronomía..
tecnologia,la computación morfogenética modelando procesos biológicos de desarrollo busca desarrollar algoritmos que generen patrones complejos y estructuras en sistemas informáticos..
tecnologia,la computación quiral inspirada en la quiralidad molecular busca aprovechar propiedades cuánticas para el procesamiento de información y la resolución de problemas complejos..
tecnologia,la computación de compuestos químicos al simular y analizar interacciones moleculares acelera el diseño de nuevos materiales y medicamentos a nivel atómico..
tecnologia,la tecnología de cultivo celular en 3d al recrear entornos tridimensionales para el crecimiento celular mejora la eficacia en la producción de tejidos para aplicaciones médicas y de investigación..
tecnologia,la tecnología de reconocimiento gestual al capturar movimientos y gestos ha sido fundamental en el desarrollo de interfaces más intuitivas y en la interacción con dispositivos digitales..
tecnologia,la tecnología de impresión de alimentos utilizando ingredientes comestibles ofrece posibilidades de personalización en la creación de alimentos adaptados a necesidades dietéticas específicas..
tecnologia,la computación exascala superando la barrera de la computación a escala de exaflops busca impulsar la resolución de problemas complejos y la simulación de sistemas a una escala sin precedentes..
tecnologia,la computación neuromórfica óptica integrando conceptos de la óptica y la neurociencia busca desarrollar sistemas de procesamiento más eficientes y rápidos inspirados en el cerebro humano..
tecnologia,la computación holográfica al recrear imágenes tridimensionales mediante el uso de haces de luz proporciona una experiencia visual más inmersiva en aplicaciones como la visualización de datos..
tecnologia,la tecnología de reconocimiento de escritura a mano impulsada por algoritmos de aprendizaje automático mejora la precisión en la conversión de texto manuscrito a digital..
tecnologia,los teléfonos móviles conocidos como smartphones han evolucionado de simples dispositivos de comunicación a herramientas multifuncionales que abarcan diversos aspectos de la vida cotidiana..
tecnologia,las aplicaciones de inteligencia artificial integradas en los teléfonos modernos permiten funciones avanzadas como reconocimiento facial y asistentes virtuales mejorando la experiencia del usuario..
tecnologia,la rápida adopción de la tecnología 5g ha impulsado la velocidad de conexión en los teléfonos posibilitando una experiencia de navegación más fluida y eficiente..
tecnologia,la realidad aumentada presente en muchas aplicaciones móviles ha llevado la interactividad a un nuevo nivel permitiendo la superposición de información digital en el mundo real a través de la pantalla del teléfono..
tecnologia,la capacidad de almacenamiento de los teléfonos ha aumentado considerablemente permitiendo a los usuarios llevar consigo grandes cantidades de datos desde fotos y videos hasta documentos importantes..
tecnologia,los sistemas operativos móviles como ios y android continúan evolucionando para ofrecer interfaces intuitivas y actualizaciones que mejoran la eficiencia y la seguridad de los dispositivos..
tecnologia,la carga inalámbrica ha emergido como una tecnología conveniente eliminando la necesidad de cables y simplificando el proceso de recarga de la batería del teléfono..
tecnologia,la resistencia al agua y al polvo se ha convertido en una característica estándar en muchos teléfonos proporcionando durabilidad y protección contra elementos externos..
tecnologia,los avances en las pantallas de los teléfonos como la tecnología oled han mejorado la calidad visual ofreciendo colores más vibrantes y negros más profundos..
tecnologia,los sensores biométricos como los escáneres de huellas dactilares y el reconocimiento facial han fortalecido la seguridad de los teléfonos protegiendo la información personal de los usuarios..
tecnologia,la expansión del almacenamiento en la nube ha facilitado la sincronización y el respaldo de datos entre dispositivos ofreciendo a los usuarios acceso a su información desde cualquier lugar..
tecnologia,las capacidades de la cámara de los teléfonos han alcanzado niveles impresionantes con múltiples lentes y funciones avanzadas que permiten a los usuarios capturar imágenes y videos de alta calidad..
tecnologia,la expansión del almacenamiento en la nube ha facilitado la sincronización y el respaldo de datos entre dispositivos ofreciendo a los usuarios acceso a su información desde cualquier lugar..
tecnologia,los avances en la duración de la batería junto con tecnologías de carga rápida han mejorado significativamente la autonomía de los teléfonos permitiendo un uso prolongado sin interrupciones..
tecnologia,la seguridad biométrica como el reconocimiento de iris agrega una capa adicional de protección a los teléfonos garantizando un acceso seguro a la información sensible..
tecnologia,las capacidades de procesamiento de los teléfonos actuales rivalizan con las de muchas computadoras personales permitiendo la ejecución de aplicaciones y juegos exigentes..
tecnologia,los teléfonos plegables representan una innovación en el diseño ofreciendo pantallas más grandes sin sacrificar la portabilidad lo que sugiere una nueva era en la forma de concebir estos dispositivos..
tecnologia,la tecnología de reconocimiento de voz ha evolucionado permitiendo a los usuarios interactuar con sus teléfonos mediante comandos de voz facilitando la realización de tareas sin necesidad de tocar la pantalla..
tecnologia,la tecnología de carga rápida inalámbrica ha eliminado las preocupaciones sobre la duración de la batería permitiendo a los usuarios recargar sus teléfonos de manera eficiente y sin cables..
tecnologia,la incorporación de tecnologías de reconocimiento de gestos en los teléfonos ha abierto nuevas posibilidades de interacción permitiendo a los usuarios controlar sus dispositivos mediante movimientos específicos..
tecnologia,la realidad extendida que incluye la realidad virtual y aumentada ha encontrado aplicaciones diversas en campos como la educación el entretenimiento y la medicina gracias a la potencia de los teléfonos modernos..
tecnologia,los teléfonos con capacidades de carga inversa han diversificado las opciones de carga permitiendo a los usuarios compartir energía con otros dispositivos como auriculares inalámbricos..
tecnologia,la inteligencia artificial aplicada a la fotografía en teléfonos ha revolucionado la captura de imágenes optimizando automáticamente configuraciones como el balance de blancos y la exposición..
tecnologia,la privacidad digital ha cobrado relevancia llevando a las empresas a desarrollar funciones que permiten a los usuarios controlar y proteger sus datos personales en los teléfonos..
tecnologia,la tecnología de reconocimiento de ubicación ha mejorado la precisión de los servicios de mapas y la navegación en tiempo real convirtiendo los teléfonos en herramientas esenciales para la movilidad urbana..
tecnologia,la evolución constante de la tecnología en las consolas de videojuegos ha permitido un aumento significativo en el rendimiento gráfico ofreciendo experiencias de juego más inmersivas y realistas..
tecnologia,la introducción de unidades de estado sólido ssd en las consolas ha revolucionado los tiempos de carga permitiendo a los jugadores acceder rápidamente a sus juegos sin largas esperas..
tecnologia,la tecnología de trazado de rayos implementada en algunas consolas de última generación ha mejorado drásticamente la calidad de la iluminación y los efectos visuales elevando el realismo de los entornos virtuales..
tecnologia,las consolas actuales han integrado capacidades de transmisión y captura de video en alta calidad facilitando que los jugadores compartan sus momentos épicos de juego en plataformas de redes sociales..
tecnologia,la retrocompatibilidad posible gracias a avances tecnológicos permite a los usuarios disfrutar de títulos de generaciones anteriores en las consolas más recientes preservando así la rica historia de los videojuegos..
tecnologia,la conectividad en la nube ha permitido servicios de juego en streaming permitiendo a los usuarios jugar títulos de alta calidad sin necesidad de descargar o instalar grandes archivos en sus consolas..
tecnologia,la tecnología de realidad virtual se está integrando en algunas consolas ofreciendo experiencias de juego envolventes que van más allá de la pantalla tradicional y sumergiendo a los jugadores en mundos virtuales tridimensionales..
tecnologia,los controladores de última generación incorporan tecnologías hápticas y gatillos adaptativos proporcionando retroalimentación táctil y una experiencia más inmersiva que responde a las acciones del jugador..
tecnologia,la inteligencia artificial aplicada al diseño de juegos ha mejorado la experiencia de juego mediante la creación de personajes no jugables más realistas y comportamientos adaptativos en entornos virtuales.
tecnologia,la capacidad de actualización del firmware de las consolas permite a los fabricantes introducir nuevas características y mejoras incluso después del lanzamiento del producto manteniendo las plataformas actualizadas y relevantes..
entretenimiento,el cine como forma de entretenimiento ha evolucionado a lo largo de los años convirtiéndose en una expresión artística que combina la narrativa visual y auditiva para sumergir al espectador en mundos imaginarios..
entretenimiento,las películas al ser una amalgama de actuación dirección cinematografía y música tienen el poder único de evocar emociones profundas y ofrecer experiencias sensoriales únicas a quienes las disfrutan..
entretenimiento,el séptimo arte también conocido como cine se ha convertido en una ventana a diversas culturas permitiendo a las audiencias explorar realidades diferentes y comprender la diversidad del mundo que nos rodea..
entretenimiento,los géneros cinematográficos desde el drama hasta la comedia ofrecen una gama diversa de opciones para que los espectadores elijan según sus preferencias personales y estados de ánimo..
entretenimiento,las películas clásicas que han resistido la prueba del tiempo continúan siendo fuente de disfrute para las generaciones actuales mostrando la atemporalidad y la perdurabilidad del buen cine..
entretenimiento,el cine independiente con su enfoque innovador y creativo desafía las convenciones narrativas y brinda una plataforma para voces emergentes y visiones únicas en la industria..
entretenimiento,la experiencia de ver una película en una sala de cine con su pantalla grande y sonido envolvente proporciona una inmersión total que va más allá de lo que se puede lograr en el hogar..
entretenimiento,los festivales de cine como cannes o sundance destacan la importancia de celebrar la diversidad cinematográfica y ofrecen un escaparate para cineastas emergentes y talento creativo..
entretenimiento,el proceso de producción cinematográfica desde el guion hasta la postproducción involucra a numerosos profesionales que trabajan en armonía para dar vida a una obra de arte visual y narrativa..
entretenimiento,el impacto cultural de ciertas películas es innegable ya que han influido en la moda la música y el lenguaje popular convirtiéndose en referentes icónicos de la sociedad..
entretenimiento,las adaptaciones cinematográficas de obras literarias a menudo generan debates sobre la fidelidad al material original y la interpretación creativa de los directores y guionistas..
entretenimiento,el cine documental al capturar la realidad de manera objetiva tiene el poder de concientizar a la audiencia sobre temas sociales políticos y medioambientales..
entretenimiento,las películas de ciencia ficción exploran conceptos futuristas y distópicos desafiando las fronteras de la imaginación y ofreciendo reflexiones sobre la tecnología y la sociedad..
entretenimiento,los efectos visuales y la tecnología cinematográfica avanzada han llevado la experiencia cinematográfica a nuevos niveles creando mundos visuales asombrosos y espectaculares..
entretenimiento,los directores visionarios como quentin tarantino o christopher nolan han dejado su marca en la industria cinematográfica con su estilo distintivo y narrativa única..
entretenimiento,la música cinematográfica con sus bandas sonoras emocionantes contribuye significativamente a la atmósfera y el impacto emocional de una película..
entretenimiento,las sagas cinematográficas como star wars o el señor de los anillos han cultivado comunidades de fans apasionados que celebran el universo expandido y la mitología creada por estas películas..
entretenimiento,el cine de animación desde clásicos de disney hasta películas contemporáneas como las de studio ghibli ha demostrado que la animación no es exclusiva del público infantil y puede abordar temas profundos y universales..
entretenimiento,los festivales de cine internacionales permiten a las audiencias descubrir películas de diversas culturas y perspectivas promoviendo el intercambio cultural y la apreciación global del cine..
entretenimiento,las películas de época transportan a los espectadores a diferentes épocas y lugares ofreciendo una visión histórica y estética única..
entretenimiento,el cine noir con su estética oscura y narrativa detectivesca ha influido en numerosos géneros y sigue siendo una fuente de inspiración para cineastas contemporáneos..
entretenimiento,las comedias románticas a pesar de seguir ciertos clichés continúan siendo populares debido a su capacidad para brindar alegría y escapismo a las audiencias..
entretenimiento,las películas de superhéroes impulsadas por el éxito de los universos cinematográficos de marvel y dc han llevado a la cultura popular la fiebre por los personajes con habilidades extraordinarias y tramas épicas..
entretenimiento,el fenómeno de las películas de culto demuestra cómo ciertos filmes han desarrollado comunidades devotas que celebran la originalidad y la singularidad de estas obras..
entretenimiento,el cine experimental al desafiar las normas convencionales busca expandir los límites de la narrativa y la percepción visual ofreciendo experiencias únicas y vanguardistas..
entretenimiento,las películas de terror con su capacidad para generar miedo y suspense exploran los miedos más profundos de la humanidad y ofrecen una liberación controlada de las emociones más intensas..
entretenimiento,las películas biográficas al contar las vidas de personas reales brindan una visión íntima de la historia y la complejidad de la condición humana..
entretenimiento,el cine de autor caracterizado por la visión distintiva del director a menudo desafía las expectativas del público y fomenta el diálogo crítico sobre la naturaleza del arte cinematográfico..
entretenimiento,las películas de guerra al abordar conflictos históricos ofrecen una reflexión profunda sobre el impacto de la violencia y la naturaleza humana en situaciones extremas..
entretenimiento,el cine social al abordar cuestiones de justicia desigualdad y derechos humanos despierta la conciencia de la audiencia y fomenta el activismo y el cambio social..
entretenimiento,el cine mudo a pesar de la ausencia de diálogo hablado lograba transmitir historias complejas a través de expresiones faciales gestos y música demostrando la fuerza visual del medio..
entretenimiento,las secuelas y remakes aunque a veces son criticados por falta de originalidad continúan siendo una parte integral de la industria cinematográfica ofreciendo nuevas interpretaciones de historias conocidas..
entretenimiento,las películas de ciencia ficción distópicas como blade runner o matrix exploran preocupaciones contemporáneas sobre la tecnología la inteligencia artificial y el futuro de la humanidad..
entretenimiento,el cine de animación stop motion con su enfoque meticuloso y artesanal ha creado obras maestras visuales que destacan por su originalidad y creatividad..
entretenimiento,las comedias satíricas al ridiculizar aspectos de la sociedad y la cultura ofrecen una crítica divertida y provocadora de la realidad..
entretenimiento,las películas basadas en hechos reales al dramatizar eventos históricos o biografías permiten a las audiencias aprender y reflexionar sobre la realidad a través del prisma del entretenimiento..
entretenimiento,las películas de fantasía al transportar a los espectadores a mundos imaginarios llenos de criaturas mágicas y paisajes impresionantes ofrecen una vía de escape a la maravilla y la aventura..
entretenimiento,las películas interactivas que permiten al espectador tomar decisiones que afectan al desarrollo de la trama representan una evolución fascinante en la forma en que experimentamos las historias cinematográficas..
entretenimiento,el cine de género que abarca desde el western hasta el cine negro ha contribuido a la diversificación de la narrativa cinematográfica y ha influenciado a generaciones de cineastas..
entretenimiento,las películas de animales ya sean documentales que exploran la vida salvaje o películas de ficción con animales como protagonistas capturan la belleza y la complejidad del reino animal..
entretenimiento,el cine de arte caracterizado por su enfoque estilizado y narrativa no convencional desafía a las audiencias a explorar nuevas formas de apreciación cinematográfica..
entretenimiento,el cine oriental con sus tradiciones narrativas y estilos visuales distintivos ha ganado reconocimiento global y ha enriquecido la diversidad cultural del cine..
entretenimiento,las películas de misterio al mantener a la audiencia en vilo fomentan la participación activa del espectador en la resolución de enigmas y revelaciones sorprendentes..
entretenimiento,las películas de ciencia ficción especulativa como ex machina o her exploran las implicaciones éticas y filosóficas de la tecnología emergente y la inteligencia artificial..
entretenimiento,el cine de aventuras al seguir héroes en viajes épicos despierta la imaginación y el sentido de la maravilla en los espectadores de todas las edades..
entretenimiento,las películas de comedia negra al abordar temas tabú con humor oscuro desafían las convenciones sociales y exploran la complejidad de la moralidad humana..
entretenimiento,las películas experimentales al desafiar las normas narrativas y visuales buscan expandir la definición misma de lo que constituye una película..
entretenimiento,el cine musical con sus números extravagantes y coreografías elaboradas crea una experiencia multisensorial que combina la música la danza y la narrativa..
entretenimiento,las películas de suspense psicológico al explorar las complejidades de la mente humana mantienen a la audiencia en vilo y fomentan la reflexión sobre la naturaleza humana..
entretenimiento,las películas de ciencia ficción de viajes en el tiempo al jugar con conceptos temporales y paradojas despiertan la curiosidad intelectual de las audiencias al explorar posibilidades fascinantes..
entretenimiento,la música como forma universal de expresión artística ha desempeñado un papel fundamental a lo largo de la historia proporcionando a las personas una vía para comunicar emociones y experiencias..
entretenimiento,los festivales de música como coachella o glastonbury se han convertido en eventos emblemáticos que reúnen a amantes de la música de todo el mundo ofreciendo experiencias inolvidables y actuaciones en vivo impactantes..
entretenimiento,la diversidad de géneros musicales desde el rock hasta el hip hop y la música clásica refleja la riqueza y la amplitud de la creatividad humana adaptándose a diferentes gustos y preferencias..
entretenimiento,la música en vivo con la energía palpable de una actuación en un escenario crea una conexión única entre los artistas y la audiencia generando momentos compartidos de euforia y comunión..
entretenimiento,la tecnología ha transformado la forma en que consumimos música permitiendo el acceso instantáneo a bibliotecas musicales vastas y diversas a través de plataformas de transmisión cambiando radicalmente la industria musical..
entretenimiento,los artistas independientes gracias a las plataformas digitales han encontrado nuevas formas de llegar a audiencias globales sin depender de las grandes discográficas democratizando el proceso creativo..
entretenimiento,la música como terapia ha demostrado tener efectos positivos en la salud mental proporcionando consuelo inspiración y una vía para expresar y procesar emociones complejas..
entretenimiento,los videoclips musicales al fusionar música y cinematografía han evolucionado de simples complementos visuales a formas de arte independientes influyendo en la moda y la cultura visual contemporánea..
entretenimiento,la música folk con su arraigo en tradiciones culturales y narrativas ha servido como un medio para preservar y transmitir historias a lo largo de generaciones creando puentes entre el pasado y el presente..
entretenimiento,los conciertos acústicos al resaltar la pureza de la música sin artificios ofrecen una experiencia íntima que permite a los artistas conectarse directamente con su audiencia..
entretenimiento,la música electrónica con su capacidad para experimentar con sonidos y ritmos ha generado géneros innovadores y ha influido en la evolución de la música popular de maneras inesperadas..
entretenimiento,los compositores clásicos como beethoven o mozart han dejado un legado perdurable demostrando que la música trasciende las barreras del tiempo y sigue siendo apreciada por su genialidad artística..
entretenimiento,las colaboraciones entre artistas de diferentes géneros al fusionar estilos y perspectivas han dado lugar a éxitos sorprendentes que desafían las expectativas de la audiencia..
entretenimiento,la música latina con su diversidad de ritmos y géneros ha experimentado un auge global influyendo en la escena musical internacional y llevando la cultura latinoamericana a nuevos horizontes..
entretenimiento,la música como forma de protesta social ha sido un catalizador para el cambio dando voz a movimientos y generando conciencia sobre cuestiones políticas y sociales..
entretenimiento,la música jazz con su énfasis en la improvisación y la expresión individual ha influido en una variedad de géneros y ha sido un terreno fértil para la creatividad musical..
entretenimiento,los álbumes conceptuales al contar historias cohesivas a lo largo de varias canciones ofrecen una experiencia auditiva más profunda y una apreciación completa del arte del álbum..
entretenimiento,la música indie al priorizar la autenticidad y la originalidad ha contribuido a la diversificación del panorama musical al brindar oportunidades a artistas fuera del mainstream..
entretenimiento,la música tradicional transmitida de generación en generación preserva la identidad cultural y sirve como un recordatorio de las raíces y la historia de una comunidad..
entretenimiento,los músicos que cruzan fronteras lingüísticas como shakira o bts han demostrado que la música es un lenguaje universal que puede trascender barreras culturales y conectar a personas de todo el mundo..
entretenimiento,la música en el cine con sus bandas sonoras evocadoras potencia las emociones de las películas y se ha convertido en una parte integral de la experiencia cinematográfica..
entretenimiento,los conciertos benéficos como live aid han demostrado el poder unificador de la música al movilizar recursos para causas humanitarias y concienciar sobre problemas globales..
entretenimiento,la música experimental al desafiar las convenciones musicales permite a los artistas explorar nuevos sonidos y técnicas expandiendo los límites de la creatividad musical..
entretenimiento,la música country arraigada en la tradición rural y las historias cotidianas ha evolucionado para abordar temas contemporáneos y atraer a audiencias diversas..
entretenimiento,la música ambiental con sus paisajes sonoros envolventes ofrece una experiencia tranquila y meditativa siendo utilizada en entornos terapéuticos y espacios públicos..
entretenimiento,youtube como la plataforma de videos más grande del mundo ha transformado la forma en que consumimos contenido de entretenimiento ofreciendo una diversidad de videos que van desde tutoriales hasta producciones cinematográficas independientes..
entretenimiento,las plataformas de streaming como netflix y hulu han revolucionado la forma en que accedemos a programas de televisión y películas permitiéndonos disfrutar de contenido a demanda desde la comodidad de nuestros hogares..
entretenimiento,la monetización en youtube ha brindado a creadores de contenido la oportunidad de convertir su pasión por el entretenimiento en una carrera sostenible generando ingresos a través de anuncios y membresías de suscriptores..
entretenimiento,la diversificación de contenido en youtube abarca desde vlogs diarios hasta series documentales proporcionando opciones para todos los gustos e intereses creando una experiencia personalizada para cada usuario..
entretenimiento,los creadores de contenido en youtube con sus personalidades únicas y autenticidad han establecido conexiones profundas con sus audiencias generando comunidades en línea comprometidas y leales..
entretenimiento,la música en youtube y otras plataformas de streaming ha democratizado la industria musical ofreciendo a artistas independientes la oportunidad de llegar a audiencias globales sin depender de sellos discográficos tradicionales..
entretenimiento,las transmisiones en vivo en plataformas como twitch han llevado la interacción entre creadores y audiencias a un nuevo nivel permitiendo a los espectadores participar activamente en tiempo real a través de comentarios y donaciones..
entretenimiento,las colaboraciones entre creadores de contenido en youtube han generado proyectos innovadores y entretenidos combinando diferentes estilos y perspectivas para crear contenido único y atractivo..
entretenimiento,youtube originals con sus producciones exclusivas ha atraído a creadores de renombre y ha elevado la calidad de la programación original en la plataforma compitiendo con producciones de televisión convencionales..
entretenimiento,youtube originals con sus producciones exclusivas ha atraído a creadores de renombre y ha elevado la calidad de la programación original en la plataforma compitiendo con producciones de televisión convencionales..
entretenimiento,los algoritmos de recomendación en youtube y otras plataformas de streaming utilizan inteligencia artificial para personalizar las sugerencias de contenido adaptándose a los gustos individuales de cada usuario..
entretenimiento,los tutoriales y contenido educativo en youtube han democratizado el acceso al conocimiento brindando a millones de personas la oportunidad de aprender nuevas habilidades y obtener información valiosa de manera gratuita..
entretenimiento,los algoritmos de recomendación en youtube y otras plataformas de streaming utilizan inteligencia artificial para personalizar las sugerencias de contenido adaptándose a los gustos individuales de cada usuario..
entretenimiento,las películas y programas de televisión independientes han encontrado en plataformas de streaming un medio para llegar a audiencias globales superando las barreras tradicionales de distribución..
entretenimiento,la transmisión en vivo en youtube ha permitido la cobertura en tiempo real de eventos importantes desde conciertos hasta noticias de última hora brindando a los espectadores una experiencia inmersiva y actualizada..
entretenimiento,youtube shorts y funciones similares en otras plataformas han capitalizado la popularidad de videos cortos ofreciendo a creadores una forma rápida y efectiva de compartir contenido atractivo..
entretenimiento,las estrategias de marketing de influencers en youtube y otras plataformas de streaming han cambiado la dinámica de la publicidad permitiendo a marcas llegar a audiencias específicas a través de colaboraciones auténticas con creadores de contenido..
entretenimiento,la realidad virtual y la transmisión en 360 grados en youtube han proporcionado una experiencia inmersiva única permitiendo a los espectadores explorar entornos virtuales y eventos en tiempo real..
entretenimiento,la creación de comunidades en torno a temas específicos en youtube conocidas como nichos ha permitido a los usuarios encontrar contenido altamente especializado que se adapte a sus intereses particulares..
entretenimiento,la accesibilidad en youtube con funciones como subtítulos automáticos y traducciones ha ampliado el alcance del contenido haciendo que sea más inclusivo para audiencias de diferentes regiones y habilidades lingüísticas..
entretenimiento,las plataformas de streaming de música como spotify y apple music han cambiado la forma en que consumimos canciones permitiéndonos crear listas de reproducción personalizadas y descubrir nueva música de manera fácil..
entretenimiento,los canales de estudio en youtube han permitido a cineastas y creadores de contenido independientes producir y distribuir contenido de calidad sin los recursos masivos de la industria cinematográfica tradicional..
entretenimiento,la transmisión de eventos en vivo desde conciertos hasta competiciones deportivas en youtube y otras plataformas ha eliminado las barreras geográficas permitiendo que audiencias de todo el mundo participen en tiempo real..
entretenimiento,la sección de noticias en youtube ha proporcionado una alternativa digital a las fuentes de noticias tradicionales ofreciendo actualizaciones y análisis de eventos actuales de manera rápida y accesible..
entretenimiento,la plataforma de streaming de videojuegos youtube gaming ha facilitado la creación de comunidades en torno a juegos específicos permitiendo a los jugadores conectarse y compartir experiencias..
